2016-07-18 07:47:53	RT @RickRWells Obama Calls For Surrender To Black Supremacist Thugs For "Peace" #trump #trump2016 https://t.co/rMBRA8cHM1 https://t.co/oPbwGn2Caf
2016-07-18 18:13:23	RT @Justified_Not SHOWCASE ALL GREAT THINGS #TRUMP HAS DONE IN ONE NEVER ENDING TWEET PIC'S & LINK'S OF ALL THE GREAT IN #TrumpTrain https://t.co/Rc23aQIlTV
2016-07-18 08:27:28	RT @RickArtz50 What A Joke! GOP Convention Full Speakers List Features Trump, Duck Dynasty Dude, and Almost No One Anyone Knows https://t.co/lPuMK2y0U9
2016-07-18 20:18:34	If elected POTUS, #Trump would ‚Äúlook into it very seriously,‚Äù and "perhaps talk with the AG or do something‚Äù Huh? https://t.co/GfovXgtdII
2016-07-18 20:37:33	@TammyTa48402998 I choose Trump cause he's against Clinton. He hasn't already failed at public office. I'd vote for ANYONE opposing Hillary
2016-07-18 10:41:59	RT @catherine_mayer Women are calling Donald Trump‚Äôs campaign to report on their periods https://t.co/hlRmRLrviF via @statnews #TamponsforTrump #PeriodsforPence
2016-07-18 21:24:24	Melania Trump I've been looking forward to your speech all night. Don't disappoint! #RNCinCLE
2016-07-18 21:25:09	The moment Donald Trump entered the #GOPConvention https://t.co/697enTQO9X #RNCinCLE https://t.co/qLQxhqDgQK
2016-07-18 09:42:33	RT @MattBellassai @KimKardashian girl what do you have on trump do him next
2016-07-18 21:23:22	RT @ABC LIVE NOW: Donald Trump makes 1st appearance at the #GOPConvention to introduce wife Melania https://t.co/b4PftwXJXV https://t.co/4acNMFZ4gP
2016-07-17 23:36:09	@ScottAdamsSays was talking about this: all Trump has to do is be SLIGHTLY less controversial & he'll win. https://t.co/wfLkDlnD5i
2016-07-18 18:57:48	@BLL1060 @iuubob Won't be by doing a shot of JD every time you see a non white Trump supporter on the screen
2016-07-18 09:20:01	The best piece I've read all week. The truth about Donald Trump from the man who created his image. https://t.co/GifEccdggY
2016-07-18 07:07:26	Trump won't need a wall to keep people out, no one will want to come with him as the president #trump #StopTrump
2016-07-18 22:06:07	RT @jrwade1955 @WeNeedTrump @realDonaldTrump #TrumpPence16 #ImwithYou #TrumpTrain #AlwaysTrump #WomenForTrump #AmericaFirst #Trump https://t.co/DAqsegED3r
2016-07-18 18:43:46	RT @NH92276 Trump fundraiser resigns in anger after floor eruption https://t.co/Gzt4qTHAle
2016-07-18 07:56:31	RT @BretBaier Trump Campaign's Paul Manafort on Gov Kasich missing RNC: "Makes no sense. He's embarrassing his state" -no response from @JohnKasich yet
2016-07-18 06:00:03	Reuters/Ipsos Poll: Clinton extends lead over Trump to 13 points: https://t.co/lmgIHGoXPw https://t.co/2nGKuG5K08
2016-07-18 18:27:27	RT @WardBoomboom Should @realDonaldTrump cancel @tedcruz Speaking slot at the convention 4 being a snake to steal the nomination? RT
2016-07-18 19:39:21	RT @lawhawk Speaking out against gun violence in their communities - that the GOP wont touch vs. Trump who attacked McCain for being POW. @jimgeraghty
2016-07-18 20:59:03	RT @NickyP2016 @BeautyBind @davidmlaps @ScottBaio Scott Baio is now doing Porno Movies in which he uses Donald Duck Trump socks. https://t.co/J3kL6c4OI6
2016-07-18 07:56:56	RT @HillaryClinton "I think the Party is about to make a terrible mistake in Cleveland." A confession from a Republican on Trump: https://t.co/o6hvBy05t2
2016-07-18 14:40:38	@pnehlen @bigboater88 @SpeakerRyan Looking for all you Trump supporters out there!!! https://t.co/nVrpUZz3Gi
2016-07-18 20:22:20	RT @TheDemocrats Trump thinks he knows more than foreign policy experts... and he won't listen to them. #BetterThanThis https://t.co/a47EmAaTuw
2016-07-18 14:01:49	@JamesRosenFNC @marthamaccallum Difference between Nixon in 68 & Trump Wallace was the nut in 68 & RN was a US Rep & Ike's VP for 8 years!
2016-07-18 03:19:09	@realDonaldTrump Mr Trump YOU HAVE THE MAKE AMERICA GREAT AGAIN NOW IT'S MAKE AMERICA SAFE AGAIN IS THE MANTRA.... ONYA MATE FROM AN AUSSIE
2016-07-18 00:05:10	RT @StylishRentals Check out "Donald Trump Your President" by Rick Poppe #Trump2016 #TrumpTrain - https://t.co/H5bowcbE5t https://t.co/veNr0y37J3
2016-07-18 03:43:12	RT @StylishRentals Have you heard 'Donald Trump Your President' #Trump2016 by rickpoppe on #SoundCloud? #np https://t.co/XsABDu9Wse
2016-07-18 21:12:48	Trump must have a powerful orgasm every time the phrase "Islamic extremist terrorism" is uttered. He must be exhausted at this point.
2016-07-18 10:51:50	Trump campaign,"Kasich is embarrassing Ohio",Kasich be like, No,I'm smart,don't want to get shot supports union cops https://t.co/k8eUHnwoH5
2016-07-18 18:44:17	@HillaryClinton just like I tweeted before Republican party is divided. trump spews evil to America. But not when Hillary becomes president.
2016-07-18 21:59:53	Can't believe Scott Baio is a Trump supporter. Fonzie would be so ashamed.
2016-07-18 19:39:16	RT @thegarance Trump fundraiser resigns in anger after floor eruption https://t.co/Zu9wp6WicO https://t.co/0SXwCwdiJC
2016-07-18 14:11:21	RT @MonmouthPoll JUST OUT: Trump gains on Clinton - likely voter margin now 2 pts, down from 7. 3rd party options lose steam. https://t.co/CrkZTJbOCC
2016-07-18 16:08:57	RT @emilyslist Veteran, mom, & former state Representative @ConniePillich warns that Donald Trump would be a "nightmare scenario": https://t.co/o7gRupFWX0
2016-07-18 16:25:55	RT @paulh2167657 So your telling me that any of these clowns was better than awful Trump. Theay were all rejected. https://t.co/FOJ2PlmWj9
2016-07-18 22:38:34	wait .. did u guys kno that trump is .. devastatingly stupid
2016-07-17 23:57:11	What if someone at the RNC was like, "I put in Trump... Sorry, I'm trying to delete it" Jokes and jokes and jokes
2016-07-18 20:37:03	#RNCinCLE Austan Goolsbee - former Obama staffer, and College Professor (like Obama) denies that Trump can be a law and order candidate? WTF
2016-07-18 14:12:11	Via @MMFA: MSNBC Host Questions Trump Advisor Over Defense Of Lies About Refugee Vetting Process https://t.co/Wq5WxjFDfF | #p2 #tcot #media
2016-07-18 17:47:31	So if Trump loses this election as badly as Mitt did in 2012, the @GOP goes out the way the Whigs did, right? #NeverTrump
2016-07-18 21:03:43	RT @HillaryClinton "Donald Trump lost control of his own convention before it even started." #RNCinCLE https://t.co/esmsUx29iH
2016-07-18 19:21:34	RT @jbarro Here's Rick Perry, who called Donald Trump "a cancer on conservatism," now encouraging us all to get cancer, I guess.
2016-07-18 20:07:13	RT @tripgabriel The issue of illegal immigrants committing crimes goes right to Moment Zero for Trump. He mentioned victims by name every early rally.
2016-07-18 13:44:17	Trump supporters hold signs at a unity rally. #CNSGOP2016 #Election2016 https://t.co/YZUZH6mt2I
2016-07-18 12:27:18	RT @JonColter If Trump wasn't the nominee, he'd be voting for HRC! #VoteYourConscience #NeverHillary #NeverTrump https://t.co/wP8ROyp8sI
2016-07-18 18:35:59	RT @YahooFinance Chaos grips GOP convention floor as delegates storm out over failed 'Never Trump' effort https://t.co/DGG4FOQiIh https://t.co/zA4GgKLEgG
2016-07-18 19:51:49	RT @MarieMa49685063 @ScottBaio Great job speaking tonight at the RNC Convention. Loved your speech. Let's Make America, America again! Go Trump!
2016-07-18 13:39:36	CNN Latest: The RNC as a Trump family production: As the curtain rises on the GOP convention, it's clear it i... https://t.co/4KuEYOv7XN
2016-07-18 21:33:42	RT @DamienFahey Melania Trump sounds like she's reading an eye chart.
2016-07-18 21:29:03	RT @guypbenson I hope Trump makes increasingly dramatic surprise entrances each night, culminating in a zip line on Thursday. #RNCinCLE
2016-07-18 22:06:36	@mathewsjw and trump and the establishment finally become one for all to see
2016-07-18 07:12:54	RT @jmartNYT The Trump camp considered highlighting Bill Clinton's sexual history, having Kathleen Willey speak! (she's not) https://t.co/452YiGRpk0
2016-07-18 19:34:20	RT @Honey17011 Trump will have my back? He'll be the one holding the knife as it twists. Average Americans? He's coming for you. #RNCinCLE
2016-07-18 17:16:45	RT @baseballcrank Where GOP stood just before Trump announced. Had he not run, we'd still be talking like this https://t.co/SI0lBJzcDJ https://t.co/C7ZfXgxH3b
2016-07-18 21:54:12	RT @JohnKStahlUSA Rudy is at his very best tonight. He makes me proud to be a Trump supporter. #tcot #ccot #gop #maga https://t.co/755bgVR8if
2016-07-18 21:34:53	RT @PatriotByGod #Trump has to beat not one Dynasty but TWO. There is no other candidate that would have ANY chance. #TrumpPence2016 https://t.co/MQo8Vq3S6Y
2016-07-18 16:49:36	RT @CallOut4 Tony Schwartz, author/co-author of "The Art of the Deal," says Trump presidency would be terrifying https://t.co/TJgwCwUul9
2016-07-18 16:14:51	RT @missLtoe #Hillary is endorsed by PBO, Biden, Warren, Sanders, Dem House and Dem Senate...KKK endorses Trump. Clear choice. https://t.co/vsBrIjt5Bn
2016-07-18 21:24:15	"We're going to win so big" Huge reaction from crowd as Donald Trump appears on stage to introduce his wife @KSL5TV https://t.co/etDq6hjgJ6
2016-07-18 09:44:37	Donald Trump is not just a figure Wisconsin Republicans have come to accept - he's one they'll rally around. https://t.co/UdMzLCjN9D
2016-07-18 10:02:16	@BostonJerry Irony & hypocrisy abounds in the #Trump World.
2016-07-18 19:44:08	Trump Campaign Outlines How To 'Make America Safe Again' On First Night Of RNC: editor https://t.co/VgGJgTfUSj
2016-07-18 19:22:30	RT @StopTrumpPAC Anti Trump delegate was surrounded by Trump folks in convention bathroom, they threatened to kill her. https://t.co/BbbYaBehxQ
2016-07-18 19:29:42	RT @ShaunKing Resist the urge to allow the Republican National Convention to normalize Donald Trump. He's a sexist, xenophobic, bigot. We all know this.
2016-07-18 17:34:48	RT @RMConservative The mics were turned off and Trump whip captains (who are not delegates) raised their voice to vote. This is worse than Dems #RNCinCLE
2016-07-18 19:37:14	RT @hemantmehta "Donald Trump will have your back." He needs to. How else will he be able to stab us when we disagree with him? #RNCinCLE
2016-07-18 16:49:19	RT @NumbersMuncher If the GOP is so embarrassed by Trump that they can't publicly allow a roll call vote, then they damn well know what is waiting in November.
2016-07-18 11:29:11	RT @TrumpNewMedia @realDonaldTrump #DonaldTrump Gives One Of His Most Powerful Speeches Ever #WATCH https://t.co/ba7VkzaPtx #Trump https://t.co/iu5MADL0LO
2016-07-18 04:03:33	RT @marysattler32 Comment on Republicans Reject Medical Marijuana, Agree on Building Trump‚Äôs Wall in 2016 Campaign Platform by Neigh‚Ä¶ https://t.co/UIIBPhdGcB
2016-07-18 15:13:33	RT @dcexaminer JUST IN: Trump delegates fire back at anti-Trump effort: "We are the grassroots" https://t.co/zufDPSl9U2 #RNCinCLE https://t.co/1Pk0636Zal
2016-07-18 20:24:41	@USInGodWeTrust @PolitiBunny @Johnny_Joey @MarcusLuttrell So, disliking Clinton has to equal liking Trump? Intellectual dishonesty.
2016-07-18 08:04:23	RT @tyleroakley reminder: no trump pls
2016-07-18 21:08:52	Very big cheers for Rudy Giuliani from GOP crowd: "What I did for New York, Donald Trump will do for America"
2016-07-18 01:06:58	Scott Baio to Stump for Trump at the Republican National Convention - https://t.co/9mhxsjHkrK
2016-07-17 23:51:16	RT @MaxBoot Trump is aggressively, defiantly ignorant. He's thumbing his nose at anyone who reads anything longer than a tweet. https://t.co/u83rCavwOO
2016-07-18 18:32:30	Donald Trump Jr. threatens RNC dissenters: ‚ÄòYour careers are finished‚Äô https://t.co/eismbB7OXG
2016-07-18 00:18:47	RT @NozNewz_com Kristol: At RNC Convention Trump Needs To Say He Regrets Some of the Things He Has Said https://t.co/SGY9kFVaiU
2016-07-18 15:03:33	RT @activist360 Words, you can't trust them: Other than tweets, Trump doesn't read, which is to say, he reads less than Sarah Palin https://t.co/UcHMT2IHpv
2016-07-18 21:16:27	@catpancake Look how we prettied up with this "art". Giant gaudy plastic animals seems appropriate to welcome Trump.
2016-07-18 22:11:57	[last night of #RNCinCLE] *Trump walks on stage* *all lights go dark* *a single screen flickers to life* ... üé∂Never gonna give you up, nev-üé∂
2016-07-18 22:08:16	RT @CNN Donald and Melania Trump embrace after her #GOPConvention speech https://t.co/rBRl8OGoqo https://t.co/pzSSFHlxCe
2016-07-18 18:53:02	RT @the_dww Isn't the explanation obvious? RNC and Trump goons didn't want any factual, real-time reporting. https://t.co/hWZqujWWoV
2016-07-18 15:45:51	RT @mitchellvii Here we are, Trump just set Republican voting record by 1.4 million votes, took 1536 delegates, and still Cruzers are trying to hurt him.
2016-07-18 18:30:52	RT @TEN_GOP BOOM! Trump leads with military! Trump - 49% Hillary - 20% #RNCinCLE #GOPConvention #MakeAmericaSafeAgain https://t.co/jCud5SEzxp
2016-07-18 21:25:08	Trump or Kanye? #RNCinCLE
2016-07-18 13:17:04	Trump has annihilated Clinton on voting for the Iraq war and when it was brought up that pence did, he said "he's allowed to make mistakes"
2016-07-18 13:54:42	Is Donald Trump merely renting the Republican Party, or has he now taken ownership of it? https://t.co/OjFCwi7vqW by @GeraldFSeib
2016-07-18 14:16:13	RT @onlxn RYAN: I'm worried there'll be violence. TRUMP: Things do seem tense these days. RYAN: TRUMP: No idea why. Just one of those things, I guess
2016-07-18 13:17:49	RT @tj02192943 Look what Lyin Sleazy Ted Cruz is trying to pull! Couldn't beat Trump No way he can beat HillBitch He's such a loser https://t.co/bGilyFs5iB
2016-07-18 22:22:22	RNC Rebellion Against Donald JOKER Trump_ https://t.co/M0A30P2KB7
2016-07-18 19:01:34	RT @HillaryClinton "Donald Trump lost control of his own convention before it even started." #RNCinCLE https://t.co/esmsUx29iH
2016-07-18 17:13:18	This tweet has been removed in accordance with Twitter's policy. Twitter requires all its partners to remove tweets from their systems as soon as they are deleted on Twitter itself.
2016-07-18 22:24:09	RT @Ron_White If Melania Trump is a trophy wife, I hope that all of you get, at least, a participation trophy. #RNCinCLE #melania https://t.co/RcyZogmqug
2016-07-18 17:46:07	@SassyLox1 @EvanGuzman24 We should be easy to pick out since repubs are only a third of voters & are shrinking. Trump most unpopular ever.
2016-07-18 16:57:16	RT @Trump_World CLINT EASTWOOD on #TRUMP "He is FEARLESS. He is GREAT!" #LikeABOSS #Trump2016 #TrumpTrain @realDonaldTrump https://t.co/8xJOMtTKNe
2016-07-18 19:36:08	@Yair_Rosenberg @jbarro Trump has given a bunch of cash to the Clintons over the years
2016-07-18 14:53:29	RT @HEELHUNS I'm listening to "99 Problems" by @@S_C_ on #Pandora https://t.co/t4D5d0pZLA
2016-07-18 19:55:33	RT @jbarro I think Trump agrees with me there's not much in the Benghazi issue, since he WENT ON FOX NEWS DURING THE SPEECHES ABOUT IT.
2016-07-18 07:12:53	Maybe the ghostwriter should run for President since #Trump didn't write a word of his famous business book ~ https://t.co/gDDemlPbaM
2016-07-18 09:17:30	RT @BikerForTrump Obama came to destroy America, Trump and Pence came to rebuild America!! Vote Trump2016 https://t.co/4FrRipSbYA
2016-07-18 14:35:25	RT @jstines3 @ChuckNellis @realDonaldTrump He's a DESPOTIC THUG; look out America! If Trump gets power we are all going to be facing this thuggery!
2016-07-18 17:48:08	Chaos erupts on GOP convention floor after voice vote shuts down Never Trump forces https://t.co/e1RGAfGrqz
2016-07-18 16:01:05	@jallman971 Sounds like WE WANT TRUMP to me...and so do I! (mostly cause the other choice is @HillaryClinton the prevaricator
2016-07-18 16:16:36	Google Melania Trump.....click on the "Images" and see in detail what the possible next first lady looks like in various poses. @CNN
2016-07-18 16:43:07	RT @jaynordlinger Let's stipulate that Trump is not a Clinton plant. But if he were -- how would things be any different? More subtle, maybe?
2016-07-18 15:22:29	RT @politico #BREAKING: Chaos breaks out on GOP convention floor over Never Trump effort https://t.co/5y2RfHaUtp https://t.co/H3PRDYVKl6
2016-07-18 22:18:18	#MBU https://t.co/2BwSEyAW8e Donald Trump -- Mercury Retrograde at RNC https://t.co/mJjBlH7eL7
2016-07-18 21:13:11	RT @nytimes Rudy Giuliani: ‚ÄúEvery time New York suffered a tragedy, Donald Trump was there to help.‚Äù Watch live: https://t.co/ypDbCXsAGc
2016-07-18 17:44:23	RT @MattBellassai @KimKardashian girl what do you have on trump do him next
2016-07-18 09:28:24	RT @Dleather25_ You can either vote for the Law and Order candidate, Donald Trump, or the lying lawless candidate in Hillary Clinton https://t.co/aj9unh0HnO
2016-07-18 05:15:10	Donald Trump and the Politics of Being an Asshole: Last year, when Donald Trump and his small band‚Ä¶ https://t.co/GPrdeWeYJl | @motherjones
2016-07-18 21:36:39	RT @TheRickWilson That Trump entrance was something https://t.co/Mt438Wvf2w
2016-07-18 16:11:58	(3) Dump Trump forces found mechanism to force roll call vote under the rules. Process was short-circuited w/ dubious claims...
2016-07-18 12:15:10	RT @PennyRed Turnout for Women For Trump event. The people in this picture are journalists and one media intern. #RNCinCLE https://t.co/Xb1UNySw6J
2016-07-18 00:15:43	RT @andrewschulz Why would any logical individual vote for trump? Only the desperate vote for trump. https://t.co/7ktwK9KwEJ
2016-07-18 16:11:47	RT @BLKnowledge Even Republican Senators are throwing around the word "fascism" to describe Trump and his followers #RNCinCLE #NeverTrump #BetterThanThis
2016-07-18 21:26:30	@TheFix maybe Trump will have a giant fan on him for Thurs night.
2016-07-18 14:04:21	RT @LindaSuhler "We grieve for the officers killed in Baton Rouge today...We demand law and order." Donald J. Trump #TrumpPence16üá∫üá∏ https://t.co/LNMC8wbd4F
2016-07-18 21:57:52	RT @BettyBowers Melania Trump: Donald is very loyal to his family. Other Two Wives: Whaaaaaat? #RNCinCLE
2016-07-18 21:20:53	Trump campaign chief: Kasich 'embarrassing' Ohio https://t.co/GWEArSM4Ok
2016-07-18 16:44:53	RT @IngrahamAngle Imagine what #NeverTrump types would be saying if Trump lost outright, & yet his delegates were ball-babying at the RNC?? #GetOverIt
2016-07-18 06:32:10	RT @irritatedwoman Law & Order Becomes Major Theme of Republican Convention - Byron York, Examiner The Trump campaign set "Make Am... https://t.co/sPoVtvUVz1
2016-07-18 12:05:55	This tweet has been removed in accordance with Twitter's policy. Twitter requires all its partners to remove tweets from their systems as soon as they are deleted on Twitter itself.
2016-07-18 22:40:55	Mike Pence looks at Donald and Melania Trump like he has great love and admiration for them. (Or gratitude at being picked?)
2016-07-18 19:29:21	RT @stuartpstevens At Thanksgiving, John Kasich will be governor of Ohio. Donald Trump will be giving depositions in fraud cases. https://t.co/fha6FWySc1
2016-07-18 18:37:59	RT @TSTpolitics "Kick my dog 4 Trump" #RNCinCLE @ToddDracula https://t.co/SpUXOpAbg4
2016-07-18 14:44:57	RT @politicususa The Real Author Of The Art Of The Deal Says Trump Win Lead To The End Of Civilization @politicususa https://t.co/LOynEVGxvs #p2 #p2b #ctl
2016-07-18 10:51:42	RT @longwall26 Exclusive first pic of the Trump Campaign arriving at #RNCinCLE https://t.co/xWXa0WDjMk
2016-07-18 21:52:03	RT @marilyncole5 @EjHirschberger @MikeDollins @RealStrategyFan There will be more dead police if Hillary wins. Get out and vote Trump!!!
2016-07-18 21:35:31	Is she talking about the same Donald Trump we know? #RNC2016
2016-07-18 21:27:15	RT @WesleyLowery Trump came out the gate like he was about to announce he's challenging Stone Cold to a heavyweight title bout at Wrestlemania
2016-07-18 19:11:27	RT @PolitiFact Trump says "there's something going on" with Obama and cops. Our check found consistent expressions of support: https://t.co/7xDBHcNMwe
2016-07-18 08:49:40	RT @LaurenWern Here's Donald Trump defending CONVICTED rapist Mike Tyson + undermining the rape victim. https://t.co/jGYS1zrfjK
2016-07-18 22:30:46	RT @MattBellassai @KimKardashian girl what do you have on trump do him next
2016-07-18 22:08:50	RT @guypbenson Mrs. Trump doing really well here. One of the best-crafted speeches of the evening.
2016-07-18 07:58:10	RT @HillaryClinton "I think the Party is about to make a terrible mistake in Cleveland." A confession from a Republican on Trump: https://t.co/o6hvBy05t2
2016-07-18 21:48:42	RT @LibyaLiberty Also,how can you trust the judgement of a person who willingly married Donald Trump? https://t.co/AWWyRdUIxp
2016-07-18 21:31:29	RT @MikeBates Mrs Trump says the other GOP candidates deserve respect. Hasn't she heard? They're losers, liars, morons, idiots, zeroes, p******, etc?
2016-07-18 22:47:06	ChicagoBill Notes: Trump Hits Kasich: If I‚Äôd Got Beaten That Badly in the Primary, I Wouldn‚Äôt Go to the RNC E... https://t.co/7587Mjkuxm
2016-07-18 18:41:36	RT @HillaryClinton "Donald Trump lost control of his own convention before it even started." #RNCinCLE https://t.co/esmsUx29iH
2016-07-18 18:49:11	This tweet has been removed in accordance with Twitter's policy. Twitter requires all its partners to remove tweets from their systems as soon as they are deleted on Twitter itself.
2016-07-18 10:34:30	RT @DanForrestMusic Would you like to know what the author who co-wrote "The Art of the Deal" really thinks about Donald Trump? https://t.co/lJYq28oBN9
2016-07-18 09:29:19	RT @ChuckNellis Trump is so Liberal he makes McCain look Conservative! #DelegatesUnbound #DumpTrump #NeverTrump https://t.co/96CEhEwmlq
2016-07-18 17:37:02	@Woolyzmum @sousa_jeremy @BettyBowers I don't like trump but you shouldn't spread lies about his wife
2016-07-18 18:45:50	Variety : Antonio Sabato Jr. Doesn‚Äôt Care if Supporting Donald Trump Hurts His Career https://t.co/1MJTfBSaRF
2016-07-18 18:11:46	RT @ckmcdonough @devilradio there is an alternative to going into a very tight election. #Bernie2016 would mop the floor with Trump. #StillSanders #NotMeUs
2016-07-18 19:16:31	RT @AntDeRosa "He voted for the war in Iraq." - Stahl "I don't care." - Trump https://t.co/1c9EjKP8aH
2016-07-18 09:52:40	He's a terrible, no good, horrible person. Stand against Trump and everything he stands for. https://t.co/5QHwMQg6av
2016-07-18 22:22:57	@davidharsanyi Trump is grossly incompetent? An Idiot? Not a serious candidate? Incapable of doing anything remotely serous? He is a loser
2016-07-18 01:05:19	. #TRUMP MIXES UP 9/11 WITH 7/11 . FOR HIM, SEPTEMBER 11 WAS NOTHING BUT A CONVENIENT STORY . #OPTRUMP #ANONYMOUS . https://t.co/zbRutIxkt3
2016-07-18 17:25:11	'Dump Trump' Effort to Change Rules Thwarted: Republican Convention https://t.co/CfnQoRm1YV
2016-07-18 09:26:06	Scott Baio, Melania Trump to Speak on 'Make America Safe Again' Day: Republican Convention Blog https://t.co/3W683Nl5Yp
2016-07-18 19:11:49	RT @auritech Seriously, does anyone trust Donald Trump in a situation where the lives of so many people are on the line? #gopconvention #RNCinCLE
2016-07-18 17:10:02	RT @trump2021 Never Trump people are isis state get out of there https://t.co/LmlYmxTfYH
2016-07-18 21:37:52	RT @halrudnick "I love feeling Donald's tiny hands all over my body." - Melania Trump
2016-07-18 21:16:02	RT @robertmaschio Rudy Giuliani & Donald Trump go waaaay back! #RNCinCLE https://t.co/KDpnsphB9l
2016-07-18 09:33:36	Darrell Delamaide's Political Capital: Is Trump a threat to our democracy? https://t.co/U9YBHulipk #Business https://t.co/zZ1HnxtJWZ
2016-07-18 09:17:54	RT @TommyBenning Donald #Trump‚Äôs terrible #MikePence speech showed us @Twitter at its best https://t.co/ST0gYxbZzF via @Recode
2016-07-18 06:59:37	Trump isn't going to unite the Republican party no matter what even if he manages to rule the convention #NeverTrump https://t.co/dVbCTYfDt0
2016-07-18 03:43:55	RT @StylishRentals Have you heard 'Donald Trump Your President' #Trump2016 by rickpoppe on #SoundCloud? #np https://t.co/XsABDu9Wse
2016-07-18 11:45:35	RT @francisdominicu "Trump must become president of the USA to break up the DC cartel" @SheriffClarke #TrumpPence2016 #TrumpTrain https://t.co/lmb7XlQSgx
2016-07-18 21:56:52	RT @Bipartisanism 'Jews against Trump. Because we've seen this before.' #RNCinCLE https://t.co/IUuyHlSkOp
2016-07-18 10:19:24	RT @DWStweets Tech leaders against Trump: https://t.co/fi2krWlMMl
2016-07-18 14:43:30	Nah it's everybody vs trump. Just take the L and get Clinton in Lls https://t.co/QsGNSCbyXw
2016-07-18 07:48:03	The Establishment has gone one step too far. I hope a Trump presidency means the end of the phony, lying GOP! https://t.co/2SILemaHiD
2016-07-18 14:32:27	#NeverTrump RT amandacarpenter: Given the distress people have over Trump, a roll call vote is needed to let delegates be heard at this cri‚Ä¶
2016-07-18 19:40:59	The RNC convention was a mess, but I'm glad that some people fought against Trump. #ImWithHer @HillaryClinton https://t.co/p1zV1WDy7m
2016-07-18 16:45:15	RT @Jezebel Women for Trump addressed a large, mostly empty room at the #RNCinCLE https://t.co/xDWCxgVloz https://t.co/d9LpQt1cW6
2016-07-18 21:25:03	RT @igorvolsky Trump comes out to Freddie Mercury, who the GOP platform would send to ex-gay therapy.
2016-07-18 21:24:16	RT @ToeKnee2GX üòÇüòÇüòÇüòÇüòÇüòÇüòÇüòÇüòÇüòÇüòÇüòÇ nah Trump is a dick... "We're gonna win...we're gonna win thank you so very much"
2016-07-18 21:51:21	Trump has support from everyone. Including black Cowboys https://t.co/ebjjvmrzqQ
2016-07-18 14:52:49	RT @MattBellassai @KimKardashian girl what do you have on trump do him next
2016-07-18 17:28:26	RT @joanwalsh 10,000 predicted for pro-Trump rally in CLE; 200 showed. More journalists than Trump folks.
2016-07-18 21:14:57	RT @LindaSuhler The people speaking tonight at the #RNCinCLE love America and love Donald Trump. Because HE loves America. #TrumpPence16 #AmericaFirst
2016-07-18 08:04:32	RT @tyleroakley reminder: no trump pls
2016-07-18 00:59:01	@JudsonMcCulloch No, we've been saying twice as many voted against Trump as voted for him and he can't beat Hillary. Ever.
2016-07-18 09:19:48	RT @voxdotcom Trump‚Äôs ghostwriter: he's a sociopath who, if elected president, could end civilization https://t.co/rgDhGizDoh https://t.co/XhquKadBcZ
2016-07-18 18:39:06	@ChristiChat The #Bush's reveal their true spineless colors with their whining & sore losing. This will only HELP #Trump.
2016-07-18 11:10:16	RT @Cuirwo__Niezvi LARGE REALISTIC MARKED SPANISH STERLING SILVER PHEASANT FIGURINES HUNTER HUNTING https://t.co/zqKWHMbAT4 https://t.co/PL2rZgOLIQ
2016-07-18 16:01:33	RT @CBSEveningNews Unaired 60 Minutes clips with Trump and Pence: https://t.co/lFaeDU2dJE https://t.co/RzKlOIdWTm
2016-07-18 21:40:58	RT @JackBouffard If #Trump gets elected, #Melania will become the first animatronic First Lady to be placed in Disney's Hall of Presidents #RNC2016 #RNCinCLE
2016-07-18 07:43:29	Donald Trump doesn‚Äôt read much. Being president probably wouldn‚Äôt change that. https://t.co/vMWkum1n3g
2016-07-18 21:09:46	What Giuliani did for New York is what Trump will do for America?! That's exactly what I'm afraid of.
2016-07-18 22:40:34	RT @KLSouth Melania Trump: From Small-Town Slovenia to Doorstep of White House https://t.co/beOju4BulB
2016-07-18 19:57:33	RT @BenjySarlin Trump really did a phoner during his own convention?
2016-07-18 21:23:42	@FoxNews Like if Donald Trump is your man.
2016-07-18 21:06:31	RT @HillaryClinton Meet the starting line-up for Team Trump at the #RNCinCLE: https://t.co/RmVXAzOGoR https://t.co/qt5WajUmF6
2016-07-18 17:23:26	This tweet has been removed in accordance with Twitter's policy. Twitter requires all its partners to remove tweets from their systems as soon as they are deleted on Twitter itself.
2016-07-18 13:34:07	@Ricky_Vaughn99 34,000 Trump votes in a county with only 14.000 registered Repubs. That's amazing
2016-07-18 11:21:19	@DerekActual Well, that's because they really don't want Clinton or Trump to win. lol There are a lot of folks that dislike both.
2016-07-17 23:38:36	RT @StephenGutowski Thanks a lot, @JonahNRO. I now blame you as much for Trump as @mckaycoppins. https://t.co/Dqn4AGaLo0
2016-07-18 22:51:38	RT @Wisco Lesley Stahl: If you were a tree, what kind of tree would you be? Trump: The toughest! Pence: A spoon! #60Minutes
2016-07-18 21:10:56	Melania Trump to be center stage at RNC https://t.co/1Z9ZLtC5gg
2016-07-18 16:23:37	RT @carlycarioli Want an indication of how Trump would run the country? Take a look at how he's run the first day of his own convention.
2016-07-18 09:51:47	RT @HillaryClinton "I think the Party is about to make a terrible mistake in Cleveland." A confession from a Republican on Trump: https://t.co/o6hvBy05t2
2016-07-18 17:51:24	RT @DouthatNYT Lee is a case study: Character not ideology has determined conservative responses to Trump.
2016-07-18 21:44:10	@marnibrewster @lizbon @xeni @humofthecity this concerns me deeply as now we've lost the fruit. (Can't look at Trump w/o thinking PIE now!)
2016-07-18 17:10:32	Fox's Bolling Gushes Over Trump Family: "When The Kids Talk, It's Just, It's Amazing" https://t.co/a6ObNYKjlW
2016-07-18 11:55:36	Wow! David Corn: Donald Trump and the politics of being an asshole https://t.co/IhDDKHJwdX via @MotherJones Great Reads